incident_type,forecast_cost,forecast_month
Altercation,31666.666666666668,2025-02
Choking,0.0,2025-02
Elopement,2916.6666666666665,2025-02
Fall,203895.3488372093,2025-02
Medication Error,14666.666666666666,2025-02
Wound,117800.0,2025-02
